Hayward,Alameda
Hayward,Alameda
Oakland,Alameda
Oakland,Alameda
Oakland,Alameda
Oakland,Alameda
Berkeley,Alameda
Fiddletown,Amador
Biggs,Butte
Chico,Butte
Hathaway Pines,Calaveras
Wilseyville,Calaveras
Williams,Colusa
Brentwood,Contra Costa
Concord,Contra Costa
Antioch,Contra Costa
Hercules,Contra Costa
Oakley,Contra Costa
San Ramon,Contra Costa
Walnut Creek,Contra Costa
Crescent City,Del Norte
Garden Valley,El Dorado
Lotus,El Dorado
South Lake Tahoe,El Dorado
Burrel,Fresno
Fresno,Fresno
Fresno,Fresno
Fresno,Fresno
Kneeland,Humboldt
Redcrest,Humboldt
Brawley,Imperial
Calipatria,Imperial
El Centro,Imperial
Imperial,Imperial
Lamont,Kern
Mc Kittrick,Kern
Shafter,Kern
Weldon,Kern
Woody,Kern
Bakersfield,Kern
Bakersfield,Kern
Edwards,Kern
Tehachapi,Kern
Kettleman City,Kings
Glenhaven,Lake
Middletown,Lake
Hidden Valley Lake,Lake
Westwood,Lassen
Los Angeles,Los Angeles
Los Angeles,Los Angeles
Los Angeles,Los Angeles
Los Angeles,Los Angeles
Los Angeles,Los Angeles
Los Angeles,Los Angeles
Los Angeles,Los Angeles
Los Angeles,Los Angeles
Los Angeles,Los Angeles
Los Angeles,Los Angeles
Los Angeles,Los Angeles
Los Angeles,Los Angeles
Los Angeles,Los Angeles
Downey,Los Angeles
Gardena,Los Angeles
Malibu,Los Angeles
Santa Monica,Los Angeles
Santa Monica,Los Angeles
Santa Monica,Los Angeles
Cerritos,Los Angeles
San Pedro,Los Angeles
Carson,Los Angeles
Long Beach,Los Angeles
Long Beach,Los Angeles
Long Beach,Los Angeles
Duarte,Los Angeles
Pasadena,Los Angeles
Pasadena,Los Angeles
Pasadena,Los Angeles
Canoga Park,Los Angeles
Canoga Park,Los Angeles
Pacoima,Los Angeles
Woodland Hills,Los Angeles
Stevenson Ranch,Los Angeles
Canyon Country,Los Angeles
North Hills,Los Angeles
Van Nuys,Los Angeles
Sherman Oaks,Los Angeles
Van Nuys,Los Angeles
Claremont,Los Angeles
South El Monte,Los Angeles
Rosemead,Los Angeles
Alhambra,Los Angeles
Pearblossom,Los Angeles
Valyermo,Los Angeles
Ahwahnee,Madera
Madera,Madera
San Rafael,Marin
Forest Knolls,Marin
Novato,Marin
Coulterville,Mariposa
Dos Rios,Mendocino
El Nido,Merced
Snelling,Merced
June Lake,Mono
Salinas,Monterey
Carmel,Monterey
Napa,Napa
Rutherford,Napa
Nevada City,Nevada
La Habra,Orange
Irvine,Orange
Costa Mesa,Orange
Huntington Beach,Orange
Newport Coast,Orange
Westminster,Orange
San Juan Capistrano,Orange
Santa Ana,Orange
Anaheim,Orange
Anaheim,Orange
Brea,Orange
Fullerton,Orange
Orange,Orange
Villa Park,Orange
Orange,Orange
Orange,Orange
Anaheim,Orange
Auburn,Placer
Alta,Placer
Colfax,Placer
Gold Run,Placer
Roseville,Placer
Canyon Dam,Plumas
Greenville,Plumas
Quincy,Plumas
Indio,Riverside
Riverside,Riverside
Riverside,Riverside
Moreno Valley,Riverside
Moreno Valley,Riverside
Nuevo,Riverside
San Jacinto,Riverside
Temecula,Riverside
Sacramento,Sacramento
Sacramento,Sacramento
Sacramento,Sacramento
Sacramento,Sacramento
Sacramento,Sacramento
Sacramento,Sacramento
Citrus Heights,Sacramento
Sacramento,Sacramento
Sacramento,Sacramento
Barstow,San Bernardino
Blue Jay,San Bernardino
Fawnskin,San Bernardino
Hinkley,San Bernardino
Loma Linda,San Bernardino
Needles,San Bernardino
Patton,San Bernardino
Rialto,San Bernardino
Yucaipa,San Bernardino
San Bernardino,San Bernardino
San Bernardino,San Bernardino
Chula Vista,San Diego
Chula Vista,San Diego
La Mesa,San Diego
National City,San Diego
Bonsall,San Diego
Carlsbad,San Diego
Escondido,San Diego
Oceanside,San Diego
Vista,San Diego
San Diego,San Diego
San Diego,San Diego
San Diego,San Diego
San Ysidro,San Diego
San Diego,San Diego
San Ysidro,San Diego
San Diego,San Diego
San Diego,San Diego
San Francisco,City and County of San Francisco
San Francisco,City and County of San Francisco
San Francisco,City and County of San Francisco
San Francisco,City and County of San Francisco
San Francisco,City and County of San Francisco
Stockton,San Joaquin
Stockton,San Joaquin
Stockton,San Joaquin
French Camp,San Joaquin
Stockton,San Joaquin
San Luis Obispo,San Luis Obispo
Redwood City,San Mateo
Santa Barbara,Santa Barbara
Goleta,Santa Barbara
Buellton,Santa Barbara
Solvang,Santa Barbara
Palo Alto,Santa Clara
Campbell,Santa Clara
Gilroy,Santa Clara
Saratoga,Santa Clara
San Jose,Santa Clara
San Jose,Santa Clara
San Jose,Santa Clara
San Jose,Santa Clara
San Jose,Santa Clara
Aptos,Santa Cruz
Santa Cruz,Santa Cruz
Redding,Shasta
Burney,Shasta
Castella,Shasta
Shasta Lake,Shasta
Yreka,Siskiyou
Penngrove,Sonoma
Petaluma,Sonoma
Santa Rosa,Sonoma
Camp Meeker,Sonoma
Geyserville,Sonoma
Rio Nido,Sonoma
Meridian,Sutter
Manton,Tehama
Burnt Ranch,Trinity
Porterville,Tulare
Jamestown,Tuolumne
Twain Harte,Tuolumne
Ventura,Ventura
Davis,Yolo
